Hours_of_Study,Attendance_Percentage,Previous_Exam_Scores,Extracurricular_Activities,Travel_Time_to_School,Grades
4.370861069626263,75.55398786515859,63.0852841867953,0,24.32597744635615,31.494329084007404
9.556428757689245,86.25702842135074,62.348939953599995,0,50.13201561764648,43.25015049613439
7.587945476302646,96.18837507629225,95.31272902605184,0,59.86189499518014,30.155662692615422
6.387926357773329,91.96674659228684,62.477309992475305,1,11.501300266469642,39.61752164201388
2.4041677639819286,94.1968344358435,63.59748630643155,0,54.86829328954659,33.17587413939037
2.403950683025824,89.76350100132152,87.96991312089818,1,41.131526679932904,42.168602025684216
1.5227525095137953,90.76829693553557,72.486992122527,1,58.669130958241055,35.2996798121902
8.795585311974417,95.47586954695959,88.83552784775907,0,33.25047587632138,34.12160206006275
6.41003510568888,77.49004026577558,53.26830787821926,0,52.369396528568686,26.665089616260545
7.372653200164409,84.68274890929422,74.37855968366921,1,13.119703429913862,37.64719543475445
1.185260448662222,76.63628325458807,51.680680009164135,1,26.763952503914787,19.97700101252307
9.72918866945795,99.63004023989942,53.13266017276773,0,13.350826887560498,40.765808105821804
8.491983767203795,98.32178019059839,95.32187266722055,0,58.76715667395353,44.957632766900815
2.9110519961044856,71.18280434105517,56.96226855587976,0,50.84869536359184,24.523878953908532
2.636424704863906,91.16725517547066,76.62103411376086,1,52.62737106229852,39.062273309792175
2.650640588680904,97.75744952246998,70.55478013003533,1,56.89826157169471,42.667141020015436
3.7381801866358395,75.41726035382001,67.36716631294213,1,14.255174305989268,37.742878558281774
5.72280788469014,87.03835691657889,94.99166728436361,1,29.27987962566667,49.464530381053635
4.887505167779041,97.46464892764126,51.091169838774476,1,13.551744452200106,35.88938834596633
3.6210622617823773,71.01837935757396,83.18948430877946,0,20.53965507750143,40.59331881236396
6.506676052501415,90.9226080174052,98.16972171067752,0,21.468288851883617,44.13605459137591
2.2554447458683766,78.92047022117652,78.0084091730921,1,33.455360552378934,38.58755342406032
3.629301836816963,97.73188586129591,96.84112310165459,1,23.42810837268213,41.15233221788955
4.297256589643226,99.13174735496104,52.612893964301186,0,15.048905340888055,34.19863867638021
5.104629857953324,98.32799467340303,70.93966595370807,0,18.374554454705386,32.934674347550825
8.066583652537123,84.22642649972391,63.007889548102554,0,17.363778177604544,30.089441332328633
2.7970640394252375,95.86127952967941,86.54104824903649,0,58.653839895614915,31.70437504888048
5.628109945722504,95.33648195605211,99.06485452486234,1,47.96462534592368,40.39430581205427
6.331731119758382,79.57301419729767,62.82650312221239,0,58.3880732634781,38.30579764467714
1.4180537144799796,94.86746422452032,82.70873007370372,1,31.987024325395428,48.53408435507646
6.467903667112945,71.11022904146478,59.904881637987,0,23.91842408313283,38.34863242033161
2.5347171131856236,87.8880963544616,78.2665127285805,0,49.91465986045933,26.798721503169375
1.5854643368675156,76.9002651186311,73.19662433441681,0,26.31269590205734,31.879847567739407
9.539969835279999,73.61700657331836,98.60026648157685,1,24.969168685267412,38.27100389109467
9.690688297671034,72.30859604887627,80.42636363482333,1,21.625299610391558,36.83451226075792
8.275576133048151,90.88866327634419,67.47531860434094,0,16.48394891121177,31.290205338064467
3.741523922560336,80.19624891304198,55.704789244396665,1,22.8231530508383,40.00350899759964
1.8790490260574548,91.74300314586284,57.56234143674673,1,27.765987423694384,33.54515356329825
7.158097238609412,71.96069022396827,61.26584649756175,0,43.69971040728652,32.827954468508345
4.961372443656412,79.4587101349183,62.5483330670149,0,13.128242110972579,34.72501726367964
2.0983441136030097,86.18473877126011,92.5308028920569,1,20.52534698326715,55.46481077354438
5.456592191001432,93.7216949451689,78.06113941412625,1,50.45118201458382,32.45426218270877
1.3094966900369656,79.5625750879621,76.16954556871832,1,17.34609617918854,44.909306997798225
9.18388361870904,88.77674129311028,55.73844359346087,0,27.132257326126076,37.46410286199102
3.3290198344001523,96.57933244708562,93.00698466747176,0,53.23294609290701,33.37612980717924
6.962700559185838,88.47589564546914,86.14071516042418,1,17.746265557172133,49.58020821360421
3.8053996848046987,76.98878424260901,53.38341809500008,0,14.136841780909496,30.152271914753427
5.680612190600297,70.73202344669615,85.39175486148844,0,34.22689975400054,32.638455786724336
5.920392514089517,96.1029662170279,77.1769108671323,1,25.12097556392682,38.659163723162834
2.6636900997297435,70.63808232551162,54.08626728733891,1,38.1704182241927,26.035701237190775
9.726261649881026,96.24105018052597,72.91503207643282,0,50.19024452417376,45.62488257668996
7.976195410250031,85.86811402081636,74.23481435650234,0,16.857424407637158,36.44285667038757
9.455490474077703,98.17203095538689,58.28872700816379,1,39.03495422771425,42.0503896702275
9.053446153848839,93.96349707320996,97.28490735001412,0,35.275438019493194,38.34791938801309
6.381099809299767,99.93802331600013,92.4987685740331,0,17.20393930065998,39.40696808832404
9.296868115208051,80.5213544635513,83.45111686645541,1,41.199924276449124,46.04604216249133
1.7964325184672756,93.0156486679338,73.11477805003037,1,23.682020893038583,33.30467085457302
2.763845761772307,82.05792740827727,70.58827707922542,0,34.39171592720062,29.372568047747084
1.4070456001948426,84.39626860911727,82.5486733575477,0,14.113616213853094,36.697311175244685
3.927972976869379,88.8251638965511,77.27159347034527,0,32.979202860681156,35.5202657630895
4.498095607205338,96.21031342559016,53.11365529409428,1,25.323173402141016,35.44212142550832
3.442141285965063,99.52250407597886,75.62513243851659,0,51.119060559267716,36.71061916016728
8.458637582367365,93.04820241593555,90.32018086164197,0,12.848936349868413,45.90666211741002
4.210779940242304,82.53300346502002,72.96199387984791,1,30.930363745916498,41.590484497743674
3.5284105871864266,82.6407100683121,52.59782887771342,1,32.9215712065719,27.514946245250385
5.884264748424236,92.12746904766675,89.31390996920166,0,46.250303814955934,36.47344485522146
2.2683180247728636,77.16331437304908,60.06818910679872,1,38.71437875451055,38.23258199267498
8.219772826786357,73.31422339394184,62.93104174440194,1,43.360616859709054,37.99871121482322
1.6709557931179373,80.6386647292233,58.235317671614794,0,48.8524642825878,19.438305416019638
9.881982429404655,78.61716974962245,66.51075324357488,1,53.11014868290944,36.76210162310967
7.9502029236699165,78.8892436136797,87.83757528443175,1,25.693774836123524,32.66179969045845
2.7884411338075514,77.0082325314973,75.96929297519686,0,36.90113526819515,31.775063073723278
1.0496990541124216,71.26279568909085,60.24406370753563,1,52.005403921959996,38.91677947246969
8.339152856093508,70.53621804200242,93.89150390760204,0,59.472556548252825,29.395146200958827
7.361716094628554,99.63167169208094,93.97909274757646,0,54.47596555218816,36.01041057102214
7.561064512368886,82.83319401207586,93.52892125230034,1,28.57336313121884,48.18000106394334
7.941433120173512,81.52979941479045,61.93981056907697,1,19.758325860932523,29.483502299137896
1.6664018656068134,90.3894184807921,72.56196720904941,1,34.469626870329435,35.10755822164468
4.226191556898454,76.54761663595193,99.24948280704376,0,47.08207259180211,39.66374992474941
2.0428215357261674,98.49883551850675,88.60062381549952,1,34.62845353766488,40.82849492608057
8.767930832880342,93.59035043246656,51.35837106127799,0,34.15904316568343,29.59228784905371
6.609683141448022,72.68233006936778,53.2602295630246,1,51.91152105409003,33.36420479323028
3.9780822236738427,82.52742327354785,73.19656884061664,1,28.070188953359317,40.298763054312765
1.5720251525742128,96.37354922686494,95.461010293078,1,52.98973374058228,44.646688571833536
3.79884089544096,98.3419606687423,76.93508989763572,0,30.340240047586178,35.312181475680866
3.9266498982407234,84.0220453374961,74.89062540171452,1,26.41165528391697,40.91420043535315
7.566455605042576,88.40234167632123,55.27368499783153,1,32.69949555998495,34.88021330973763
6.738017242196918,75.01101838276226,82.8390052362147,0,48.12234793374342,35.21015341451978
8.98491468318694,99.7350587841093,91.10515803001127,0,16.300101393199714,41.3041054043709
5.249934326457543,76.9501510415033,69.02100037537812,1,19.820960793600868,36.32531964882466
2.0763482134447155,98.28195322405377,88.78059254626638,1,57.5722412831546,36.767430154335244
7.419203085006955,89.48939946977106,98.22383269504058,1,18.774581369067867,47.62710280627848
7.847065437552077,88.23210384636577,60.188322956384454,0,38.38636589655273,27.153980231835394
6.051494778125466,85.38065533049526,76.16648155973706,0,38.96572333309689,28.4663953053513
7.938704619591049,76.92009435153275,64.35689790422877,0,34.48122310251224,31.700038161266775
5.444160367279517,75.29584096016525,89.64272095169197,0,42.23726242884093,35.943069176544114
5.704595464437946,76.61458627210526,78.87966829405788,1,21.49133628988092,43.51944801302168
4.847869165226946,75.59314786432763,81.72912087751519,0,37.633113388837415,31.086331355053176
1.2287721406968566,93.3875342070026,89.8957079807947,0,28.608662762344856,40.69946343675754
1.97102284293974,80.5037577750019,69.79852363312274,0,43.08336298145945,32.58734087938536
1.2828626711806081,71.73528029690189,95.75450342035217,1,17.061177168657473,44.18829203811483
6.727693701374023,99.07307890422433,76.65144336230699,1,38.54387084197381,38.013129233625726
3.82920382968694,96.51357654890276,57.8977411417674,0,19.263517769166185,33.74637737856781
5.577136220482325,97.83256849585639,84.79495590844013,0,23.93215315575182,41.86587970712414
9.168098265334837,99.84723467939305,89.66306752191272,1,20.93549001617916,48.07798662887904
3.2436300623398746,75.21685747658462,65.83808385337633,1,19.141888993440855,25.129404286163464
4.693446307320667,81.88726056707976,92.85896284993765,1,51.28554757803335,41.674120080160634
7.799960246887438,92.74715427112274,95.30716273828833,1,24.285378383044517,58.35032697154462
3.059183489424602,90.88061854161377,63.84522436889045,1,56.35618909322247,32.61936959426559
1.6928191884591368,74.61687719019565,99.1760736357611,1,58.49632626725954,35.735221487514586
3.6077630762239123,94.47499374971854,57.03557640243792,1,38.56302349685487,37.24666222229187
2.4509915852860398,76.73321715509982,60.1007834201245,1,17.15005613328632,35.95402220064113
9.367278871083158,76.71452844467869,59.21124196190131,0,28.727412168979065,36.04683445092017
8.273083416079754,86.10923268680241,94.69948550039352,0,49.8866131674107,32.10064084099728
6.700633808593811,87.7881980452511,82.7146276162481,0,28.369536434853522,41.06643427508
8.84314531168946,87.40258623513434,57.60521416111364,0,14.350860915139437,36.051788595555486
8.23304869209203,72.74460512193265,72.01617091841744,0,37.8392455464094,30.528221122274825
2.6791305299743224,96.3238258789114,80.76490125349011,0,52.25604257480174,36.72756198027538
9.0330309864098,77.96800127766119,54.173204249469165,1,49.79631935717512,37.014466086096746
5.854080177240856,73.88544763848412,94.12081842036693,1,18.75615700651766,47.549479385451306
8.266961396476564,96.66244239606931,90.18017677207675,0,43.63823072062333,34.27870145874505
9.06482169931144,98.6695449468926,75.26033867883191,0,21.025213171782354,43.26670978547912
3.8620312747467747,95.86382851796353,98.35633076295852,1,20.91037672760861,47.50597707883291
1.9904673207490908,94.28548224174634,70.88804896375498,1,53.70358866525926,37.17026050906439
3.051416462877475,89.65725941917066,99.20551595182489,1,22.48344763701151,46.76589600196092
4.843970097636307,86.52572111827418,83.39599994018135,0,23.16236732590056,36.53988356140971
8.362132893302437,72.6096027973423,81.73356366269707,1,10.032669538064978,47.41922187486229
8.74657524930709,82.25359639212095,58.29774476478925,0,53.53345170627588,27.87719307453998
1.0625691747807164,81.18065551036942,94.0963879152322,0,49.62974066045673,29.51829412535463
5.596725723198092,77.79261351280978,71.37448439603077,1,41.3664467545339,33.97686756322704
4.7566990283390105,91.70260341065755,58.111670289123964,1,47.51328819694211,35.437592727272374
2.9989702942365724,84.87627205236312,50.630375998787954,0,17.60242837122459,34.918370582803384
2.0787883060031453,72.43138647722944,77.98778418191912,1,32.91617972937877,39.3307152845329
4.038536542632651,76.60549605849434,76.36998110613382,1,27.560969367439043,33.616382120543
9.486187335212673,90.49776290978788,85.96768111845793,0,14.688826312850825,53.39439601424523
3.908826388186797,72.283925784709,94.51290265089011,1,34.3065242607462,42.150882864935646
5.669115595690295,95.53620742146306,53.97032923215148,0,56.03698251713177,35.07381390931947
7.3271706300566,84.85439581041923,86.57482451701811,0,12.002955952534723,38.85386871721574
4.272666421413646,84.41759731979944,59.37059720487911,1,24.573045674689695,38.21746034766204
9.746038744488645,87.77223353978553,92.9088526578582,0,20.377046810285172,45.86510933733176
9.662025654479,94.74042897775448,90.95317569308281,0,21.907332683284814,48.485227705608104
3.2660406624282774,80.43427623706579,77.03968774927722,1,55.42172759396876,41.07125815095519
5.475236553031469,90.3404845767719,85.51213993116558,1,33.40345271171451,47.10934259324866
3.707904788350927,86.97195891987373,65.71750565918742,1,33.31497064699094,35.029208914607246
3.5635644493972087,78.01084810508264,73.55839494664073,0,48.02878212276411,27.399229270439154
1.3319825261907952,96.35889959065474,91.08184488552358,0,17.72461020024629,42.33241242896544
6.486079005819072,93.92278064820785,72.96325985866069,1,34.36326770500254,45.20050838725756
5.524111209059753,89.75355503975277,67.88991326627209,0,31.499260706052986,32.316893112748176
1.463308761249904,95.51745187282725,74.710622362515,1,39.8455345273328,44.56144496940783
3.507818178129503,96.01882602879407,91.41246262186093,1,59.97788516252193,49.374521525841594
9.174392973699883,91.25088930145104,66.76040236854364,0,48.47244470410235,28.263747278758757
3.1560570160027517,95.11039985091017,58.68807965678719,1,29.89328515087136,32.46698495511112
2.304053848821008,90.92414385007851,85.60070101653903,0,51.377652613702345,34.43657962289985
5.405074842498067,90.40422315280901,91.2989106354041,0,18.53541816562401,42.21161626654583
9.870854086995406,88.55834134645553,55.031873926176665,1,11.523184315448006,35.65573947655384
3.178497443603504,92.58149918672923,61.993705637797234,0,20.222418623213652,39.707047011890566
7.049219926652907,74.75815315879221,57.09859948804969,1,27.020577805712982,35.7593230087877
7.854576537958458,96.42612277596785,67.39707057910833,0,35.529037872977995,35.13519661526409
3.1387378959315972,96.15530583235696,72.51754894527063,0,40.756457027059994,27.04687644951989
7.553947137506736,70.87741849103678,87.44131684816531,0,55.53028586072109,26.16988938329106
4.3100481944732785,94.77450251694287,82.5573792440837,1,35.49270047752289,43.74303597640823
6.690752475342215,73.86609602420336,81.04642837392156,0,35.06378223128647,22.87269568702089
6.7017673968480524,80.05356562777426,67.61874733048272,1,12.512150491149107,43.737902176335396
5.821972156672826,92.30524768874824,92.072377654238,0,11.745577632811191,41.260408613168266
1.8126079304896747,74.82279688144925,73.56435836990823,0,37.557998095818604,46.35909638630562
8.51772246030314,94.53901072357186,98.95524690075773,1,31.908930662417227,59.55061879483358
3.8870205847456223,94.96402533873226,81.70710691478683,1,51.95901974901493,39.48254065072777
2.678666593598688,85.22403201282509,56.313237078225136,1,18.03397923559226,34.59163271398511
1.3669762739928752,70.191576151505,83.80887810377169,1,11.24858310585248,44.25367689786669
6.318036488694176,78.61114399524739,66.25520077158495,1,32.45193839650629,44.45210914849352
7.098079256580542,88.50780755127226,84.31635983430488,0,21.873927837612875,30.53253717486346
1.1492904603507053,99.43558534082271,53.48205740812028,0,12.480718666941872,23.422469364832203
5.608837524693529,88.95440581050005,58.744071858797966,1,46.22991434238145,31.42638492219751
3.0384619767814414,77.7941074319248,92.78686294528931,0,15.579649997862374,41.022798731824814
6.806555113685048,89.02017109298833,61.358977851175744,0,40.415975000388585,33.62851566799625
2.569297861044923,86.19956139147567,91.852056262147,0,24.052487508344456,43.917324226230164
7.218439642922194,93.39536185453431,63.96380442272052,1,18.6748025177511,33.96958747586199
4.480618116704837,73.20941916480875,82.14409550293539,0,28.987576145965875,22.042616214266072
9.43056989863061,92.83083707506084,84.70752867549155,0,50.072288811147686,41.855062648870195
2.2376884973139393,86.23799736028332,75.63273765725265,0,29.604678845228634,29.725641186214965
4.069597159452327,98.88976011576983,65.26553383483656,1,47.538482460552785,27.46892706170034
2.021261691165302,80.25616498116058,60.632218818554804,0,16.274314839957533,30.91355345402156
9.322242564507064,88.97865679401845,51.659467728121314,0,48.638570983253956,32.60929240295413
8.896054180428829,97.96084316530053,65.1973200620362,1,21.846666245332433,40.765362617558175
3.3214746494364005,73.07529183972038,82.65813952656416,1,43.86965649444364,34.599828064059224
6.939856414307611,98.11685461709354,96.91524092242413,0,38.28907774204981,41.30841914338251
8.354999801810942,90.6365716690244,93.5602241131526,0,56.45723586058437,36.52523290457396
5.996807304395161,72.03511177315515,88.30323882676512,1,29.366125898765702,33.60502610306346
5.766855205204059,79.02890700840449,89.42236716266493,1,13.308259441722022,39.987200424783985
3.1766706181040654,91.24516265935844,83.24924517379976,1,10.957774277562645,46.52496710806565
1.837924910253093,72.02051804406315,63.01434287830015,1,51.34292804863765,32.18316670348233
9.074941821579941,87.4651138052882,95.3597515352915,1,36.23678188307161,46.27206403288144
9.103762514469974,80.3764917085887,83.53661559529169,1,48.76220259174746,34.83861832644001
6.697913115459412,88.62746553302432,78.02203154902199,1,21.721280000575735,41.160731117762275
4.051268119438307,71.37226101437538,55.54947346067405,0,27.254187275661685,15.766457044094636
4.142886171513948,96.14610418457129,72.35277719032126,1,11.505193610565946,43.30214494431911
7.533601109832154,99.2046690753219,73.01791356009632,1,58.07461622870561,46.69231945423538
9.073992339573193,99.06633565857075,93.2281804761335,0,43.39339533504067,34.13250975890489
8.983777818386056,92.48955495228773,77.33241100938943,1,56.66025438796531,36.93048328293542
8.018879912718614,73.90258720391896,69.02002744852048,1,23.274820371453615,38.75924013313478
6.77828481538859,92.74789587787068,98.84001642553297,0,40.57318056128304,47.499963842583064
1.7572596849554394,70.73760749376405,55.536029666315784,1,43.924998414631894,26.92508389785445
2.454658426851524,70.66370654586991,71.12742141559723,0,25.877485012879422,26.601994043511322
9.086987696743714,79.70830657448624,52.10123375857027,0,52.405461750781505,16.607904176404364
6.457861536936309,84.65929571213996,86.99520603834651,0,57.35807314501239,35.39940244513481
1.0827734645496667,93.1122225342338,95.90382760995753,0,54.24275588480022,47.70933806093974
1.913243885794289,90.49886129819515,64.00186647752447,1,46.953348796968626,36.365669474884946
6.971515921972502,83.37708119130245,92.91708383995604,0,23.8732339862477,39.49742368029791
1.0455542546159682,78.20879998844998,64.61091152309488,0,24.080802105281585,31.310485498155273
2.4472724627574878,99.91373500473134,95.53850808219576,1,58.1680160223019,43.72929413834925
5.938604104299275,82.78543906707918,87.6980951798392,0,10.514224796784601,35.14669849868631
7.227056779234239,83.54161072989027,90.24533884207193,0,45.802498662107226,40.97392360244412
6.867651335523405,74.90871463575007,50.90032778002273,0,45.31230812776311,26.36469707559518
3.018423785145038,93.84428646249788,98.1405178537013,0,41.134477047489874,40.184132446387714
7.409612992127823,90.81046677344466,86.33354960351616,1,59.50544230434329,36.14099028638074
3.135241787471201,76.62308838366282,65.23755476930667,0,25.59397178818626,36.532721386155764
3.9285972834334095,72.47143136847528,91.46973324294234,1,26.998593189662408,44.163953177159975
7.718422646062217,90.4149790622414,64.0760599207465,1,13.946970147327777,37.25823638488429
6.846696091424932,89.63533642843406,93.6376919783064,0,32.13990682718688,45.1856326933819
8.6430106944476,78.19778580994628,55.62901952059685,0,23.052426311742405,27.34661842737247
6.91851603070309,98.5259068675123,85.18429887303978,0,27.169335108882212,36.449859927529936
6.114777430019244,74.53173675342701,77.03492383224551,0,51.72858951278138,27.02813699907298
1.8430729104528323,82.97004403127806,54.82672350977204,1,56.77422567637478,21.32084622375654
4.309442227534902,98.30847760502797,62.09469141294195,1,19.28665360025928,41.90724758456665
3.386821309135529,82.59181950778367,50.62020181386574,1,28.625446577673294,23.171191698304753
3.195906790411752,89.15577842992256,73.43839827322529,0,56.4315281057697,25.364155324508573
9.75709499277201,81.92783193888383,65.06326303800002,1,13.090423034461132,28.891528296269595
4.537879522000844,78.2264560704601,79.91787421488795,0,14.618026405568926,35.093972519902906
9.02841899659402,99.51932943879484,64.86189038543085,0,18.139549460311468,36.26230693570438
6.680247633975366,82.28002018945129,64.99595557534923,0,39.76064170634373,29.099521985353984
8.153301731874835,96.82297611037403,87.15965993658017,0,17.523613550299874,36.63525089739942
5.523733837946729,76.89863817673259,52.40714179891767,0,58.40381907253668,18.437082562023086
6.192134961637232,76.3931411207525,95.14474975959936,1,32.33572636292602,45.010732833981784
5.432659244369775,70.93402248653534,92.61319371955906,1,35.07589801750832,37.709551240214495
2.7571868901824006,89.55000476127655,83.39023416132034,0,22.332930790270325,38.9332140882938
7.502069037353548,81.05579031171283,79.66107850536922,1,33.548012621736675,35.59600370709616
3.526951261967702,95.93074749518911,94.61512490698262,0,43.095681631850574,40.49376165504414
1.2188436978830846,84.19629720074671,59.26650897643572,0,47.55885684770214,33.7820442954333
6.80925066316451,99.04580283744166,53.948458109541434,0,47.69340413549565,33.5005388822374
2.5939961146634403,75.56576547109364,61.9755084954769,1,38.89455563470442,30.43370439793414
9.464127259176228,96.05869503866832,89.72891393500952,0,55.217988749692864,40.24740164604926
9.585357193023286,93.29790558375225,51.733513336324165,0,50.87039236530547,28.178201499556867
9.233779511984036,93.12765533932156,79.14034175417449,1,47.852405734931274,41.43491070998366
4.331428302298999,95.34349684350663,99.7718758095655,1,12.780276084023031,47.40501394263758
1.1391095487598069,92.83071972828996,92.78480469187697,1,10.343898110982465,45.24801214272998
9.354867063289529,88.78660964894246,76.07228445217947,0,20.62236385977365,38.58008354121373
4.8536573348558285,73.93734633047163,53.18204546433212,0,43.176179695672616,20.254666365157092
9.699893371393026,70.97578538473756,91.5686757192855,1,30.559874444127292,36.86191243882417
9.672579793803276,97.6254354344706,79.94892540886053,0,30.120312964965585,32.45934831159763
8.677085099206241,88.49950943562214,55.746649852978344,1,54.22934441148069,25.815399916464273
3.6500400286262713,93.89611872928529,54.69286424116781,1,54.77814240659194,26.983224112975307
4.465879557417328,84.4456705453765,95.48134097182961,0,55.458763202679286,37.350669433010616
8.660230043651712,73.51924566887183,83.46001314690392,0,25.693903825751363,31.133593473561305
3.852298046406499,73.75557376607651,91.46433996583778,1,44.55279063696309,41.88568241605587
2.5254347201748324,90.56695861686914,93.94894501411336,1,23.581659063718483,45.17366123034558
6.0112113621251515,82.90917684698388,78.58861760241611,1,19.53049165372249,31.236782946075827
9.425392967447028,76.01574180101011,75.87231758775206,1,19.23162286736846,43.35056128174575
7.264268170074757,84.74783640224311,71.5213705160495,0,27.1053810431797,38.35264548412401
6.1305505308042845,71.92626811225402,65.84732938955597,1,31.497880988991085,29.56714965600771
1.8745884439369167,87.45914205743196,71.72979804293558,1,51.54745855275342,37.93286631460098
6.535065040292528,78.06980213305293,88.69398278650782,1,15.994554673635605,38.86602898091574
9.91048465093837,93.92677301911564,80.09617155075658,0,46.74629236974471,37.596265533560995
2.260756137128716,79.31085876770722,94.62616449774231,0,36.572745709465266,30.217173113394278
5.664966871273631,83.65660447245403,72.16900071895938,1,24.397267133799623,30.067802159559893
8.8963576473516,70.34861619724302,80.35447893593769,0,34.64097922664123,31.449066396909537
7.66691755978784,72.17340663383676,81.56537765459944,0,24.99710348885113,34.00774592809427
7.273141668957412,81.77480669220054,79.58485811531628,0,39.8040977619153,32.46431012369185
7.322356755883983,84.3981650415137,85.13168865427582,1,31.69219614276221,36.26988979324788
4.2354203609777965,88.0006164435791,61.871673418740315,1,18.22027645394394,35.517144795644164
3.64232659838044,78.74987736127909,75.61818887728953,0,15.829153727784835,35.51077906121752
8.284250399306622,90.84945658379627,55.21124014041738,1,37.33478410360651,35.50003291068224
8.291020552112627,95.80367191567613,69.22556638224063,1,55.12065166430517,39.35487213089473
8.803650867220934,93.3955296668005,74.38335343106323,0,27.197884327884278,33.8456751162326
9.219164973008242,71.18856476045072,82.61121297727362,0,46.65000536113116,38.84985472577871
5.60208158974844,84.41520841773487,97.52655262931017,1,42.93306774698835,37.77113086032631
5.513646652184796,73.14790535254525,80.03255332741779,0,56.57774571547405,33.07184031190513
8.184656610700976,77.26135047587583,87.17969580882799,1,51.049050864957046,45.50714140889656
6.849675376999887,99.59987779801439,75.31330297476013,1,38.33026294527315,44.374718085610034
7.31770189531933,74.2748662870454,81.70520156881656,0,42.85152491170537,32.17881059171433
8.16213402492491,84.96664460354069,53.54661080668867,1,54.919323329201745,29.695204263622713
9.010048076358096,88.54467202954358,62.71957904209235,1,29.97593922934674,43.27468792163584
4.041956411663822,91.07394911632312,68.09265466025693,0,26.339735292888868,26.70169225623075
4.380246573759496,86.78946050460742,73.62466775032567,0,10.540554181759816,31.173456290556548
1.845837458567821,70.29312542257551,52.282437275119186,0,51.32755370957321,20.56244144244932
6.204521268965566,79.79383924731975,57.001204877665884,1,50.04903502016825,38.25379073511326
1.3234804641706788,85.53134930154134,63.84071538956529,0,15.222725905007568,33.84005843665452
5.190382163192141,72.635994974345,98.57663454505254,0,38.84286905663501,32.003956581875045
5.883801712368189,80.51880793627542,66.56735035515254,0,33.19908490834437,29.639292671994724
3.5788712691545594,70.996093263741,74.10205290560413,0,15.935454775455574,29.133232061868572
6.317499345121097,72.35735491465063,59.80488563691965,1,59.02841135303618,26.866156099225076
1.2745022494514449,81.90769828604789,80.5390035537884,1,20.734794373167773,44.719609575959225
1.3361336987429298,73.98147262129181,64.03416077579871,0,13.361709004528057,23.010788281060584
8.403405045936925,87.02622544784674,60.34962892192134,1,39.74236897509548,44.083341214993084
4.241715772701366,90.68394907411798,75.82863142229895,0,46.943333856651634,37.8132774674667
2.143544613866963,94.0176009732725,50.27528995802104,0,11.622172302359349,36.3074971911024
5.700189340493239,76.0045073273443,50.383201632461265,1,42.93588193635111,27.898472921970743
7.9299419778874976,75.02447746777209,60.95344045509289,1,36.614593797572724,33.211075225541066
2.9423892474715885,73.13703521003201,51.83606812504106,0,15.163250443752421,19.78705673050934
6.606014282371002,89.0929074863091,55.40128770653457,0,18.626193847318103,29.164776288540942
1.768127184943912,91.19427179460703,66.94303246693758,1,38.398714865804024,39.133453382774334
1.4651354905174694,70.94758434476927,90.12928397899064,0,24.81788067566442,41.1599057521973
5.782191684113332,98.0863673873107,78.60243216846504,1,56.9157864325658,34.775176297543574
5.865716094490959,71.55913850954417,75.63338629782082,0,50.93701147420254,28.05865827236474
6.736869113483859,86.23889005903212,64.67444116040608,0,59.17836032568315,28.763116902222173
7.534822003503954,91.27181558352748,96.58768597164081,1,22.9835419475207,40.38443100495239
9.782668715162812,96.12907371238256,69.85075206185958,1,58.48618163989885,41.73143141729237
5.646703134710758,91.42260796397284,54.35463833978857,1,31.561693489577895,31.791071110484108
3.9066082564712135,94.05184249209375,80.85332580589007,1,27.375939765687733,41.48113669437874
8.156675752918332,80.18350577628418,55.69191967383007,1,12.517476348467662,33.895189305183706
3.437490261358668,94.44475341239537,67.2611571400846,1,12.63826289298013,36.52496822801144
4.950742786350725,72.40344539154026,75.37059693589045,1,44.600562797332735,35.313279941049835
1.7061074320803935,96.84449968181583,93.71112623425878,0,32.896449721701394,38.94082085954174
1.2281566907391177,86.42777128461209,74.67732901700593,0,21.326081301805285,32.33143597682179
9.663835732101326,94.51893309887481,85.11293830158321,0,40.698515316261634,35.36901227477328
8.523821084609853,83.569548535549,99.64084194995351,1,22.642905912505558,48.51459928264536
7.263767854843282,89.30733085589574,56.57445599489908,1,38.88158771722113,43.56413809709622
4.680576499728429,85.7920798280834,63.73657627597598,1,27.960437349134516,37.40012541381139
2.559648880637612,91.94768565265996,69.72880377988233,0,51.17761133059095,36.452462681190404
2.4079333840397745,72.44889946091769,71.09140892694157,1,51.034808038338966,25.93042170952965
3.252186083481358,71.81056251971691,70.55105376327728,1,33.867519906120066,35.37758697566395
5.943039982355084,77.41309702030439,95.38055012782775,0,27.54095546675078,32.869731789193935
7.431363304300561,74.78634040339566,85.70163222334281,1,28.12798982795473,33.414661507350026
6.941776390459581,96.15350699776604,80.39526070453519,0,50.285726283410895,32.686619827188615
3.5194050725134858,76.57641962074133,65.46863589313911,0,26.4089741398806,36.05686367726689
9.593787525968747,99.27595767457393,91.18951921106473,1,20.4529686853423,53.2354898702856
7.641072250261916,80.1068737531332,97.75302557424945,1,14.234417093765341,47.543534720163045
5.989186472602606,75.46353747066098,91.05991412751132,1,33.334656044220424,33.65747356391911
6.5054867161091705,93.69095521427437,50.078255259573645,0,34.10660494599209,28.817337121042144
4.776400561850109,89.76123326502628,81.82006850917035,0,52.04543552014536,36.14414044134703
3.229578905510417,84.94587149359417,52.556769072105034,0,21.0619348223032,29.868727904060883
4.2037541078613545,86.66090652812893,62.880361016686095,1,29.049563683419997,27.18947350640999
7.820614994179322,91.57605334816792,52.97623501738858,1,50.42028694468455,29.411835987666706
1.1295413976678028,76.85364223993896,80.18977264746938,1,51.181180537448675,35.31852715466703
2.0446537645622462,99.89001748170226,84.32949567463034,1,29.23055379893841,46.43217271205882
1.4140237781957747,99.2437948644035,55.72438190329525,0,32.95620116433405,19.92780236023011
1.3665592208707311,89.50977059040811,69.19194415224898,0,25.164294542464148,32.28285859075938
8.699145256099065,75.98627352787436,72.8118254477771,0,56.6277439209656,31.062424101647068
7.332920734420213,90.40684727293873,68.45265108804583,0,15.932188287079015,40.04924956079843
5.267564461785927,72.16595226937528,56.05125002425965,1,56.6874711500735,32.82181310465558
1.8805074458590134,70.91957506617418,70.94738950937378,1,44.19332259176716,35.9784389592033
5.4245428760514915,77.7304866553364,87.55890239042091,1,36.578607634336564,36.40562249454463
5.261245937025091,83.87868870217949,53.550383226662774,0,11.632953039224795,21.0384013386701
2.5588168291901368,96.04817516225141,54.00900070409517,0,33.77980959110042,28.136285512814073
4.904664843141758,91.81507209298924,67.73856459179922,1,30.387405250136613,43.738473620519315
4.586542609576361,92.28119563599944,97.08628558094625,1,18.060940598756126,54.26495188305591
6.542650882469948,82.76480003344226,83.42863233614571,0,42.82048017503285,38.643610849451505
6.715842857808794,80.37804977640889,83.93349783362824,1,58.55754536841429,40.364686848198716
1.4077360879484007,81.13116288953807,68.09599954189325,0,38.10944055322626,31.759807476372647
4.371513531638241,99.62948691208173,79.68303956042692,0,45.73766382219729,33.803751215990914
6.632739241428127,71.20327574237447,50.50655920138717,0,13.42252262830084,26.86456299065194
5.528226327220789,96.01094488367346,81.80480232047711,1,30.883349790849735,51.56887010506688
8.7084085706949,87.3602622571718,95.66434737881184,1,15.817924258224794,42.70607941256393
6.928242684570505,83.15846257568771,80.62867341724096,0,40.63979177682552,42.87724845068564
2.466409843732867,91.7577298124541,93.68492967331724,1,56.92410791070773,40.210149770408925
1.6351187266038685,84.60006824274109,86.19865277330469,0,43.08888662358193,41.278484342972746
6.78177350385684,96.20269714244982,56.02792082018451,0,13.840152415721077,26.863961395633346
1.2386017948745964,97.02105592033776,95.12266536429209,0,27.733310249254142,43.71264804450079
6.2719802314611695,82.65162780620366,53.322192217788746,0,37.533168972042574,24.305300108183904
9.462072172824618,78.30483391705155,76.6983736273882,1,30.160387806662612,32.581807101817546
6.179267600882911,87.77050985780087,57.10685618967288,0,51.68220052375862,29.609046458922133
4.493529335858697,97.37090036850073,50.5853305365452,0,50.73355023549946,33.44257542802395
6.789593965981179,76.31986567017,71.10171300638194,1,40.59155100516107,31.79241728194025
5.12427601442365,88.68899750690449,64.75203538270782,0,28.672897256635263,25.100721623429415
5.910551103843415,88.94680660277561,74.30002468988015,0,22.766818688162207,35.401627133687185
9.473183278988726,91.99339067245843,78.85999433672754,1,15.293715910656466,43.98908346741863
4.474923740206968,73.9470305538178,52.186953615447365,1,27.7448841743277,34.145731357027216
9.650715074415228,91.47474894046266,56.15016475618728,1,30.658625860385975,41.90981577024777
9.148155777604574,97.27097561996924,77.93211982252127,0,43.79114625520368,37.005481281022696
2.762120213103668,75.39049326610726,67.15836765863291,1,42.90799121487867,42.683044084294224
1.624251707876489,77.12629974771633,86.45867437747239,1,13.505406982062848,42.297837080744486
1.9070020123968399,99.14185282124919,82.614582429597,0,29.762965771557887,36.34568766817785
1.1639964308639477,75.42930858128469,92.28021814949534,0,19.088943360868097,28.538384051289007
1.8499866468033557,95.63155280108737,84.62464133346126,0,17.840635265840284,37.74010575945893
7.147060960747211,84.76833569344105,71.49655386950741,0,51.36510748686229,30.153478418547316
1.6406978361420608,77.4169322320953,83.64833111972162,0,12.095760835812877,40.479626475018144
3.8707806726438516,96.12249703817534,63.76905871277093,1,30.959143795106066,40.544502028444626
8.60387779872509,83.35915765007996,65.31567493891063,1,18.410182788325912,32.8440497173655
1.209447421622433,85.4445206178907,89.44925799603966,1,53.9665107839237,40.278673702737606
8.330216343300421,80.77700108199298,72.32097582007911,0,37.85202566375176,36.30716236667859
3.5366929729605996,87.78852554304783,89.91901702591763,0,21.5690318188424,46.58172087203208
2.0634834485949063,74.90571617755069,91.12111868341393,0,35.12136435831882,39.3058513421805
7.270634488277356,81.73244609955282,92.8781168830642,1,46.574317985155794,45.894010260201625
6.660485621018956,99.08236967005863,95.83176179206036,1,57.90590044597169,45.28239999681115
8.897248121743477,77.74400298103383,71.5492610256648,0,21.02230021227095,35.94462029503617
7.615639394234972,89.70209993623877,65.94334091605694,1,54.309088606467256,42.52756267741655
8.231328373463636,79.75570192674084,79.1099373297057,0,56.71520570837451,25.862615671577984
3.538311153141758,93.20419377059802,68.55862117188138,1,55.82102722660331,34.51268803428737
2.5969558940175053,73.9262098215505,80.05370834001165,1,41.7707178430955,32.537840289427514
7.755532764767725,99.09463135235634,85.27929313219123,1,41.49103272173538,46.21207170440647
8.261512653405376,83.61368624150919,84.42025092460685,0,30.16053165919114,43.441311487809976
9.91454627800606,77.08151390039392,68.72764435100606,1,47.619894115189396,32.82571690610781
4.713559092202838,72.20490241990038,58.34301008493764,1,36.564700917546595,19.83280880377349
4.348162772135049,75.09273715262623,71.52646692311038,0,43.871903561414726,27.75631891167953
7.987716646677971,85.59321845668053,57.12970720409544,1,31.42289519243977,40.22246462720641
4.06723186227716,80.11009529293858,94.50485175919042,0,46.574823202156956,38.89906875160217
9.376815930432082,94.86650097647828,67.29387303689288,0,51.22357588022745,35.62838688467864
8.725714766587107,82.92662570985418,57.72298736116619,0,17.321812830140807,30.50163861985204
4.860946246375165,77.4614281776289,51.272387995287545,0,51.6464857787114,18.208864249290144
7.757839610123476,88.5143495981209,82.29111931432422,0,37.014826589515366,39.477990580413085
7.7908858667621415,91.20331650656337,81.84511587273715,1,52.233295454511214,36.644469433901364
1.9281148195233935,75.0112572370285,67.03020832906458,0,31.56508531705073,40.10221311072607
9.1229761601161,75.02857648864953,53.58559444238255,0,28.952024269151753,31.096340371217778
5.547271352030714,71.10014280800628,70.4814447447616,0,55.75303662586112,25.026025978045006
8.438117194969674,92.09206045196922,65.56087475316968,0,22.558463377420065,32.02729336249202
3.880446409275506,89.91413582865415,83.85603198675047,1,52.210616264307156,39.42518642570245
9.059709056465804,84.23892627249441,80.28896247263452,0,34.2010286254702,35.02032611694149
4.502815108607468,95.32511346907592,68.229686409877,1,35.70477212756299,44.48698049376014
1.0975388633226852,94.1701045885016,60.894627712749504,0,25.423414074474202,32.77667894615731
9.148437787773373,87.56063093190257,99.40179830777959,1,38.65211003095078,42.58373740201971
1.821580091075202,96.04813841539776,72.70008105980574,0,26.260559813810566,44.7572694197514
3.873822738313734,76.17523630110304,84.41371178901186,0,11.963470712082616,36.55081661536055
9.550557703457244,73.35758858193184,57.02764837891804,1,23.5999302672178,38.277802475275756
9.555464322438006,78.0924883455097,74.27948498296989,0,10.318952170329535,32.98198045731906
6.160940993109575,71.71260568267945,51.37683599347327,1,58.91773935284283,29.95881663627541
6.686534909528193,85.93508584003096,75.2727558955225,0,58.287360490987375,33.737980521362516
5.036009697804878,98.09817076884885,98.20087035588512,1,29.75776487361525,38.25663170424022
3.638896945282581,71.18030622005529,69.21033564929002,0,46.4185427169823,38.0648355205233
3.957980908329244,73.66329742030081,51.94980062874558,0,27.290304920521248,32.63169572630594
7.052666104693346,83.56597084850306,51.54778954596718,1,43.5546578542988,30.37449902144059
7.77137076493912,98.01625052583715,69.39933799734348,0,50.27150215229896,28.745996916475868
8.124211393532637,79.48468314930251,58.001246823159704,0,57.33781223461204,28.838538599266773
8.106563285150985,85.21704426065178,51.167604816409295,0,30.0106137924836,29.6997061596016
1.8208549274382133,71.24718577151177,87.81068069750884,0,49.16489914780239,33.61021863494694
5.449782742323233,74.45029602886267,72.92615044409453,0,23.29642253160594,33.38477636730299
1.5180288401497986,99.5989036887654,64.46223859863272,0,59.51661518968242,33.070292467017595
5.94575994091362,98.95356089308137,95.00415915082404,1,11.288479938217558,56.43316045173364
4.973774512360393,70.14819942803229,55.80694801002628,1,40.17644032505605,33.29638123495877
8.989337644824698,98.55435356269717,97.79594144776595,1,42.97529908256636,42.310849965121996
4.158235112968708,89.17359813446501,65.69833586886764,0,44.402277853706444,37.879360606192144
2.053603147848453,96.03754883560066,94.42018361543407,1,16.01937893945445,55.02977153882918
2.2869251384755227,83.64219566901578,80.14714382397308,0,56.92648917365652,47.51893738653386
7.85359568545725,85.46788085737751,91.33536798707436,0,19.05916395250414,34.76011031243286
6.56396256984635,84.6653974077076,99.2006581605232,0,41.137670161992055,40.803075842178394
1.9101040851051123,90.00592772638313,64.42027189093729,0,21.133803956154246,22.155410831982124
1.756961255034977,74.18953764268939,98.05677427037965,1,25.360820851063544,45.108853169432976
7.30872218313208,70.89920769618034,69.47409474512102,0,37.32292708640622,27.267687680981464
1.6548670572777417,79.23789824773573,69.27559523684612,1,30.859670928228823,45.19420045724387
8.396740533613206,91.1404228820994,67.01935521272529,0,18.011280048825313,31.82774268470973
7.3561800444084655,76.05560356368845,77.07038036737926,1,18.546820121042416,31.3849726159645
1.7321390257770979,90.20297299974752,57.707252158924355,1,30.907239408139983,32.54000670308712
1.7635394267667273,99.09736138321811,77.68557426790056,1,47.86414891377504,30.106073924185587
9.87975620651058,72.81702147368256,77.0852406205002,1,54.89823234238943,40.064315350112345
4.368437161805083,90.17806354675379,88.0950906302435,1,14.206383112969142,34.62386297287464
4.335779323602019,83.31250657913714,91.68249809687927,1,29.655195377970053,43.06062800524664
8.315196105317522,96.04426763132517,72.0220675156212,0,15.012278186143831,27.818642318870225
9.525237196454729,75.31449368342157,65.11666246757468,1,10.829624031629894,36.51518408666821
9.874009574405838,90.77877856678494,62.96674486585472,0,43.08593413219783,40.76794216794531
7.780403667330475,95.1434586894433,59.73119183524359,1,40.12247209832939,39.08660304424474
4.386336269778242,98.3384265842207,52.882379109951245,0,18.15095569074431,28.07161738136633
1.7515064502880189,90.49744084868938,67.12239894173567,1,21.690641654653206,38.080458230097456
7.994322243346931,84.91524292025282,63.512384606539165,1,11.185387682225919,39.230987000689076
6.025638247622245,88.53541720603641,98.32086929332037,0,51.74736028472019,41.28340793956906
4.817998083222786,96.06714953436155,77.8854413125022,1,58.73452980242757,32.42244486331781
9.157189465852625,87.11829239916489,67.36385195152538,1,16.77297683973454,43.29731699273331
2.000777340755362,70.91161179090511,79.0233800496848,1,21.573760688264905,23.859066345988467
5.433625938617732,97.92846086520933,56.95983506728477,0,53.4204761973467,26.96426833989466
1.1021828029067717,90.68580253094683,72.20218746011014,1,56.32318989780924,33.44467401005028
5.217945777947136,90.29540157331739,81.31171607105318,0,30.981369140340515,40.02089028213306
1.5067294811365362,76.47025457193152,74.44489158962257,1,12.531123613453707,38.21733455817188
2.0693612464126474,89.76656410697971,70.08894003271621,1,11.969591684640971,32.871581765753255
2.057736220993944,81.81593216962476,99.6924194449849,0,38.69749330345052,33.10889720203923
6.842892719044572,89.53698931124477,94.01573810744635,1,29.64475544465895,46.493124708095046
7.71440391338881,73.19779090923973,81.17029790797201,1,11.432621378882725,40.70785498564654
6.250318885874437,89.73535913809108,78.46886805911414,0,39.16261961562784,32.627501998417564
9.659552936270877,99.98241177311999,81.0330239912292,1,10.565126829451124,44.69192260280755
4.373835215713337,71.44636116581668,60.065605391121665,0,49.368597907463645,29.16180434070784
3.571408776536747,99.31522552663952,69.75688716321594,0,25.321641135168576,33.25306255122999
8.817392153705143,82.20723882168612,51.972976644544964,0,12.012900150461604,30.438163336393476
3.0123625466750736,96.12260351011777,73.77730187434133,1,39.41761104915767,50.480476770098356
9.669002854965502,93.4715645217482,77.15122919788315,0,29.884220721652735,30.77598580372519
1.109390272208347,87.01048782960004,61.38748680516048,0,58.690020667857475,17.953570624213594
9.728909440368751,92.1534762775398,98.20144235827568,1,37.20993312518511,51.09668368866203
1.388439207555185,96.35546683904043,95.4727305468621,0,23.761959051850415,37.78639655513461
9.02028802328264,82.124209649531,86.1071617727953,1,45.47194323169874,39.51933681820684
5.749309981776698,79.81099484689716,76.66933143826813,1,23.574600127135568,35.591082920110345
9.936683165073703,90.02780156690754,93.49845798238425,1,55.212164570378256,42.54096259762429
1.6641690826185898,94.23537825823776,56.532617191173145,1,28.73609852536882,43.59856138217124
5.984688559611887,92.86855404329847,89.52548971374425,0,37.49342813881026,43.01178928418889
9.72372282057189,93.93440946575903,56.24104069834242,0,12.528655191211442,38.822510954222714
5.707880597531339,83.06749944438799,89.71053312747027,0,31.30606189761154,30.541755881280185
6.664587743217362,94.53502648525065,63.78837841256785,0,51.61817698304975,25.93588984208798
7.261738200861554,73.60627166111826,93.85452905090945,0,50.28244026816709,21.139770730965633
5.090869582909959,86.33467293882549,97.2021046912699,1,21.215927942676313,41.926224735774156
6.648022720756571,70.17275981494365,57.43979847025578,0,21.303953550528135,33.04202897365512
6.258828807307902,79.7375748970081,73.13378025326968,0,50.86526561066184,33.60681470258708
9.110422094418901,80.99384604614194,99.04936890813426,0,56.51992100846628,36.93467964898038
1.409017423073121,81.88518074827766,74.17037179865733,1,14.768046063650178,38.754028301286525
3.528668706330073,90.86401620069586,93.17737612572725,1,32.50293197131126,40.831026973461846
9.553703356689029,81.65674303811038,79.436576106566,0,26.872713948211448,37.39312665845806
9.012374055018247,83.46080867867592,68.76649539598009,1,53.53442277287197,40.063446921351556
5.100910775071417,77.12632392622983,64.28917777629351,0,14.176245734000938,23.530773951388316
6.581193380213831,81.19755374888021,60.16115455430436,0,20.55629712790187,32.69676612881284
3.496430646830194,76.81808881789455,88.08990956888486,1,47.623416879324715,43.33485701669005
2.6930904375138516,72.1958777130533,69.3270253411514,1,12.564692449060779,34.246888319429736
5.173285644459839,88.10345780144134,75.56377311003756,0,34.62676903571446,38.10444668816708
4.180170052234475,90.04638395665049,74.6162740000591,0,32.105351733986,48.78013335597937
6.252905006657849,88.58471038028844,78.86395146165657,1,26.720058949437433,41.11508158359098
1.6996117326848634,83.90482131401717,93.2788572812276,0,29.728615765946188,39.60423577634779
9.769553268995498,81.3935734053769,99.03696717917147,1,36.497029346511646,41.628834103608774
9.875896700316426,95.90000948715476,70.37921042869084,0,18.068367919419156,38.836992535766925
7.2834554261777065,85.57245355408654,91.37594610531515,1,38.59979391417964,45.58489259849296
5.824867297097083,84.37545632889193,88.22638973273588,0,50.27161646499932,36.62619894294224
3.78574854657695,70.76926197419307,78.67644757277867,0,48.008046489507954,25.05940760451129
8.324155177362538,80.23743482878469,97.80235718059666,1,17.694995234688683,47.25763214727325
7.162580552984913,81.40586856357571,60.023725776420136,0,17.462473487073694,39.00061166759646
2.463552454104022,81.96468342690702,55.46321051548107,0,23.408718387245667,30.900112034330952
9.198344660444583,87.40517107681997,92.69809834777111,1,28.05373631705186,50.41962451409417
8.402835186308522,86.00807640180635,71.95749083168741,0,30.42277907042413,33.484500787070125
9.548199219627316,88.23715278380334,92.34844271035303,0,43.98486084166726,42.95001611318895
7.531475575495239,92.94649784626385,94.65451025977075,0,12.83402160829177,44.62530683709748
6.520736763422109,94.3895721614828,53.122879680953574,1,11.73363521130332,33.18693821199509
4.76418732661557,91.54369228679484,94.17323814930303,1,29.595528147195452,46.914356401944225
9.39455635018612,98.66571087864804,72.4159527684711,1,44.85818460689902,36.211195495011765
8.794575005503674,70.54697748029085,75.52162445021162,0,19.671767147824127,30.496596021055808
1.4069680309557047,75.87333957050639,81.32962555466051,0,42.07522406281259,32.66828384223373
1.2373027704752682,70.22688624934426,96.31913033650434,0,22.991406897014976,37.68343134233665
4.388170301902447,89.4242414246381,50.9558047214882,0,54.30430544067582,20.563657686417177
8.294979977036496,96.94091646849961,73.84217341589085,1,54.78449721333082,45.12869977536488
9.8854851638345,77.30446889728898,84.38610212152804,0,24.864360214066323,39.89666022908589
2.3537520199317536,97.8110363438892,86.13534788491143,0,21.499687698162028,36.1285588981146
6.347176438169216,71.80802170868682,84.6266215768554,0,30.565198603311565,26.677968824824944
4.428017709679194,98.03308080416542,56.72175647040609,1,22.026579259007434,37.18827977003046
9.72922958033143,80.54868061718904,64.96977941858407,0,43.61919216458518,28.67931206641893
8.579070308221379,73.0426248534765,67.93577627085068,0,51.30323422741428,29.60156899339807
8.54495834240024,84.57615277558978,90.22186038397524,0,43.65460654556085,35.85313919349791
5.218238438154732,77.70329703161524,63.93799362072765,0,51.21752236246748,17.931592802979583
4.733375521038987,78.54618705885768,60.53524819336016,0,29.84960811037371,27.336366613880106
3.4606636473763563,79.2186989477886,97.87240095190481,1,17.815848535443042,43.040358712860964
1.507379469858344,94.0907769349799,50.443164255673445,0,46.89754736987961,30.359710678754176
8.782501386295479,86.17483830025763,99.89104278409891,0,28.023725257077693,38.54910787320188
8.316109082170698,79.3392309746801,83.84106494286978,0,43.56354126145663,43.35996439602185
9.997459059575176,88.31001349932755,91.42346497245586,0,23.532197099088282,31.60568419768442
9.969731533665149,91.4845202266958,64.73096981730966,0,14.061481740333633,42.62025527474588
5.998885350423647,78.17872002200602,50.715763883353,0,59.62908977438817,23.029846748537206
7.9208867366245945,82.40647304576055,86.8934759280765,0,17.810075396529964,43.0978464342234
9.502891568941852,73.65658280010842,91.7072298500338,0,59.42104969817405,34.96589394368895
8.646826516096702,75.43448048604041,87.02380659767596,0,58.86399662832236,39.24827371875119
3.226132915688779,90.43353561894949,57.14251436504193,0,49.69090519540198,26.43427524745276
5.054897217790842,75.44315043086881,87.67139611284846,1,42.97114810409988,33.732731343424085
2.162434736363455,85.7549015100118,88.44613910538206,1,38.89035251255423,48.12473168435681
9.586459245328502,91.27138785167298,82.92702578350274,1,53.305077268891736,40.96406083350895
6.455571710057921,73.20630769284232,88.30579663977932,1,24.471976080974397,42.31497697155429
3.0577852495311646,87.01936658886711,92.2960719838866,0,33.38406062424385,44.23058039640402
7.045306159652711,77.69688351104091,80.68020571187293,1,40.9694984683251,33.56629392076754
6.5631541641210625,98.8878062571274,54.430235698483955,1,30.559523793474554,40.27556853413162
4.223464462295564,84.50636940159774,74.38139048336055,0,31.3743227045134,30.676754787082558
2.022018329796661,94.17977649325474,53.88246673358025,1,26.51423337510422,34.60090736525272
7.044158760335196,86.50679626468785,70.37715155162154,1,38.2115908342268,38.54913051244228
5.68276930813414,71.30237598564457,70.35532445628138,0,52.5287264007558,20.800155156329247
7.950865525620754,88.99454126782067,53.30049220701208,0,20.076418900315645,27.607463858869643
5.68147151000794,98.54210026619971,67.44102669847396,0,56.72165193767207,39.356317449159306
8.669633502866862,88.04835460438994,55.54990493956574,1,44.45438268741148,39.083554880812315
5.9671615489703695,94.57566578280371,90.4117605004611,1,51.16366063400151,42.8786577963308
6.0484417438184765,96.52619390045223,97.38440129822354,0,37.80953463150058,42.90053545720629
8.889882423925105,76.84239315846797,53.61582376289693,0,48.97583507120317,25.070603264292753
4.631345795911574,76.3613451972468,97.75576036458507,1,10.810019866973361,51.80252781181167
2.2061370560557667,88.32942966552974,76.12882996683726,0,50.91902123897676,31.266269528763505
1.2590440868200508,82.33085409420114,64.9782838976937,1,12.006942954268325,38.04697118455707
7.796235301062571,95.19583908600161,53.84310376380817,0,54.49566881814312,35.119398187367146
6.582785962181182,97.00069370194034,75.0312134035209,0,59.59813736193217,30.28610671949989
7.336717912893012,80.60264137908155,89.72577722453744,1,24.70337310883889,51.076596567419145
2.9166774535801965,77.10611676923446,85.35432386333491,0,20.515927814289682,27.930907725608826
2.2273432802809277,93.41576545731586,52.51130057319869,0,48.26816819290204,35.800575055120916
1.1309019910109375,78.24418106644409,53.645091768395176,0,22.65131704601266,25.27087012832975
4.155288029259372,94.67842955541035,70.14366413163185,1,53.278119158610174,36.17688269778042
6.309259181691698,82.71214760946289,64.76452470239717,0,15.142129607873835,23.662074635297284
4.530196405897591,90.02649697874412,61.619216152802395,0,16.29775981896791,30.86541278693345
4.937274298213562,72.86605941504004,64.05022494543567,0,58.957577755030776,20.972159978193492
9.137428250443735,88.7157797402972,90.17413716484424,0,43.69194491350023,35.62049249618623
4.134299203209704,83.55303036211687,96.46140268159269,0,52.34436122144764,36.145255552695296
5.625905402438297,87.59825389526422,70.25513472637832,0,26.2164688675759,38.938517266985855
8.052877114670288,75.04042623234591,95.30555010662485,1,43.82418747603022,42.905933916926585
4.568885040891431,92.10621234832547,66.0747850623941,1,39.712091365429856,38.87777837799363
6.598780302050861,95.88391232629685,73.82184931718959,0,40.15750600614735,30.118531340329476
8.761273378720706,76.50219400272327,61.30144989079999,1,44.126622976886075,29.437750541158607
9.54568561291878,72.87143666560485,82.0238021087922,1,38.76795865645493,48.06077277030572
2.323661328361341,70.70915758139009,98.94905575874044,0,31.453118465133297,32.75487683414196
9.339288626453449,89.25914501329798,80.17465480216893,1,23.796134719027343,51.5987070795216
5.429046637715844,88.21282108266342,67.89070420567745,1,48.4290665456601,35.18574161029646
3.324199494690625,86.4009223814221,82.39087229952642,1,21.31362150015931,41.755239930274804
5.132221806144352,76.95841288347927,56.14603392326938,1,44.61771530772071,36.85791186973408
9.820293177569294,81.72717987716544,94.43295401326993,1,21.66664113246633,52.09256042846801
5.4335628459358265,87.8342900555852,75.15419753899181,1,41.2665084977227,38.304762598478035
3.958764492587574,84.90300576577508,72.4674871019821,1,47.35391335645144,34.60849567317397
6.700607688850532,99.63356560644662,79.29323942267595,1,20.93569444532696,44.38703359646971
3.1613105690037377,74.093192576702,81.23919313947013,0,12.997165043065415,36.46690110776311
1.6827699529779752,90.85433662142782,53.58879031132565,0,16.548687149708705,34.87454560738827
2.159917497195843,82.12956304312877,84.13086106117012,1,40.29984836355128,39.097767581692665
2.152412550619952,82.84598844776845,62.09658401577648,1,52.47232031128678,35.58626691767088
2.3671242416106493,91.52793296974528,85.69763162532949,0,12.249841061771217,47.4069463279422
2.2494445538446914,90.77308453973109,91.12673971920984,1,46.70756295208231,43.846926970017776
6.767872703228932,99.73767981106565,90.197925377626,1,27.065932297502606,48.37905016786194
2.6369207595923037,73.85182868362375,77.62504837039445,0,33.92641849597612,23.9805080821531
4.111005549914768,73.12328948152499,76.00849461553756,0,56.44297749227828,16.062134781790675
9.071095689154106,91.73016451386223,57.14379806697059,0,26.598575236792275,34.63533224873294
5.265654762365851,87.35160751019228,88.76730752015678,1,33.2668466969743,42.44103898468562
7.008019646689244,78.22481999679418,63.570469022335715,1,10.684120738034055,34.99766170057242
2.5508788408146685,72.3825810696696,74.83477114089733,0,14.079936000241918,33.76013007231018
2.730601169278037,72.56974748789291,64.21370464637583,0,22.9295795567392,28.79157940829749
1.3678175463983098,96.82572623992354,56.691418149984656,1,11.39261204105372,43.447985098464486
2.520415567649481,75.75601974156228,81.47788484458682,0,41.56876630241255,32.55047754080764
3.5073130512876274,79.70114686346562,52.71660174114519,1,31.319917840081125,28.30496551400676
2.5930943584907213,76.79969206680964,87.43226170631,1,37.407260136401106,44.20603732864297
1.7983228038135004,80.64988917495812,65.87933976305584,0,18.732359294816476,30.180418312686978
2.085722839905407,72.08271528238281,50.00673465022427,0,24.796601471830805,27.69696684218271
5.147008912294532,85.5717937272481,75.55645696186149,1,43.191223742636254,35.84139975437572
2.8570034656521326,72.02837690776644,52.34259542638016,0,58.26513618151999,19.27277723220479
4.278428749432679,94.01069523467085,63.80847789104497,0,12.52083868011046,35.206544427442644
5.530755437693712,77.011362457313,85.3488243727858,0,54.519216042763304,33.01092682940926
7.213553457664288,86.20035743813531,53.13448108109329,0,38.84406006556043,31.202486965477796
1.3538092585698904,96.40237262684374,91.96692461780012,1,38.195978337781185,42.515521857062915
8.194693590181384,89.52632107141582,50.19099613292916,1,35.01392676038802,25.22822972967908
6.6511035054181695,85.98873359654006,62.34119346009511,1,13.46970429520917,36.267536288494384
1.7358312875398472,79.73001259346127,87.04520280760357,1,14.493842586808032,45.747760683893375
8.862207616960994,79.99005739174594,65.81350748646534,0,40.045600282954304,29.61861021054286
9.287851604786319,90.0846086559457,55.094619403300676,0,27.047928571777916,30.640222193699667
1.5497016386937736,99.82418083663502,68.0116959400214,1,55.86340332888403,41.77821284058177
3.4918988333248335,89.85517569548136,63.51966431922628,1,30.329526867973613,33.30570204580832
8.255811518137552,86.73350252110075,92.13559510802774,0,17.164072935132054,33.42691935194065
7.734337213452926,91.91951530717739,65.66739587925716,1,45.7359416751018,36.744303430147994
2.6606891742073957,83.95616836851154,89.44662358880036,1,24.667671072050492,40.06345945971589
2.8841439100303927,71.80427027802355,94.59360724053673,0,36.27351536779466,30.41591590320228
4.334248925122438,86.86890447633729,71.69087097882648,1,44.8916392752585,36.230717110491504
5.360706866719192,98.7287585351614,95.4971571927196,0,55.01320556010352,42.18446074545151
6.564292943772664,75.25908827072979,68.86590269815964,0,49.6095597400838,29.23018242997021
4.320222756127952,90.70014672461997,98.20392082450542,1,43.818053393636205,46.140176401956296
5.162812445198331,76.0280106597717,54.46447622627865,0,43.98165911975718,35.039437502684905
7.727238443203809,86.07483053419244,84.35096332516213,1,57.296232201604326,38.17686094314191
1.330148826015381,72.90029348940159,74.69070202284644,0,24.791204874826803,32.56440153713721
3.2719324990961867,83.51112808774556,69.38244027278236,1,10.055604709809371,36.477788151496945
7.420146272960972,92.68489986685738,81.63559393743004,1,23.597727969909933,39.58035094319142
9.056861539184794,80.42714572716946,85.19285458171656,1,20.8945689813372,40.0867060873959
5.6050969790409955,89.94735173461655,50.21816348251546,0,43.09172925569991,25.52257452808604
5.789021367387841,93.86349882369188,58.347654437359935,0,41.68557998827645,32.725140773202696
1.9645481020579845,97.81533458438358,85.65230253171593,1,39.67306913523619,54.34357900040326
5.026711301411092,77.0392624556636,83.31927067891033,0,10.812172160472684,33.08424915385716
5.793555398095209,81.97947747427925,98.30237525643386,1,46.438902722532376,40.98253912806232
3.1822345327125667,74.57248039991252,88.05188951253915,1,26.176520624274577,39.94887168994736
3.4231890785444286,99.77450506475125,97.53863538656691,0,43.25279945033156,43.02023088167089
4.395557467941604,97.81002903772887,85.12702507674035,1,37.828921425107666,44.6972912343765
1.1806407799995373,86.19871390841679,64.90261043197216,0,27.13654627139536,37.52641196627731
3.8987124902486046,95.26099883129264,55.268246112542826,1,16.72881335520539,25.23403335327224
2.9030320629689017,85.62873931816127,89.09119316724679,0,14.720944883024048,26.862711935053852
3.9474761696012317,88.70757064008279,82.2074610737958,1,51.57591665561118,36.84063972173401
2.077859186373261,72.6737329634805,52.40930061966481,1,55.9198771040779,33.15494273083504
9.014745526659055,92.65811261490424,68.00252329504892,0,42.48940233821498,26.159496612891317
6.342332081986438,73.83140450905705,97.8399907742143,1,15.17170574302417,29.57364594718971
7.111920872300407,94.78202890757585,75.02005728551006,1,30.101360844412035,44.69075731123764
8.102541147466045,93.46084263011159,71.63645680098523,0,46.446960005257864,35.60563518849623
5.485979790361515,91.26234093228929,72.8849802579647,1,48.9910442005034,32.76936073400999
1.7822825927868133,71.08481141574286,60.444136200258185,0,15.91093111455443,23.34388999598907
5.83395887636693,79.09385067835986,68.43535854323976,1,10.00153594226912,33.82892524199171
6.281570062187912,77.89337709732528,68.49066279935883,0,45.60685229403025,30.577803495927817
7.70895526765897,80.80409222414558,52.61775100937362,1,27.829808799310282,30.713385516624143
4.884935916067114,72.62928240291515,88.37838142589591,1,22.72406658091301,43.28384554866344
2.148222725160074,98.10873469093188,70.82522159519395,1,10.644873489476272,27.634898491063304
3.55398315218852,86.61406722137129,91.10899434082117,0,37.01497033807499,33.18050061568961
4.267740667587716,79.1657293197407,92.51740005599477,0,52.557536771299084,29.35679459653799
6.8132551719844106,81.9094455122285,60.599702734932904,0,57.881582313629394,26.50592971454885
6.137004742020207,83.41607621514507,82.86767410850644,0,38.28724753066446,32.72227164724455
4.204870533080616,88.01783000081852,73.6140902081491,1,35.72306638699471,42.68546197290453
9.878637239136816,85.47038283089493,94.00783689607425,1,14.252819274462055,37.8376611761921
6.451973374211985,97.58175919643253,60.787033958822704,0,37.443640077129984,33.13179571519654
3.1350411256239505,84.90890448717491,83.89066001550222,0,28.99895394826973,38.78674496022928
1.9160422535836337,99.76474044469938,80.38760611263612,0,40.356764044178846,45.872223071565884
2.375732252658988,95.54274873235288,64.76507387859164,1,29.436317393827334,35.66007629706608
3.213619555460573,76.25531543072007,56.83004518255863,0,22.01495617251834,29.843457652932592
2.446132359336001,97.91785643931749,82.58198802386383,0,14.748263761418825,30.468767662676544
2.679103216461752,73.49099193656428,86.92987290661654,1,25.745922229444787,27.700024334395913
3.565856518244624,94.52349125473575,65.78136718816751,1,14.832241714387614,44.16044471093215
2.560362357652793,81.4186988042974,82.2416302011157,0,18.844847541199197,35.69996979607397
9.070888821637826,96.33922961335209,69.75654538057516,1,59.366807928977295,44.38413157039994
1.7221037109547799,96.04170070322351,85.66034416413089,0,32.20517784533093,31.05252506558202
5.720602506132292,94.17776200352864,59.96076374470265,1,36.59358832525083,39.48207595383977
4.693571442906954,93.70091308921184,94.51075013180872,0,53.680926436860766,47.75193814269983
9.841407552177458,79.14037417294122,64.37047982327898,0,59.77844502453439,30.993800595394124
2.008350119512471,72.42757849153756,68.38929938780765,0,39.135722467234075,29.654680862345003
4.580700391411675,82.08940536295485,52.90459760401749,0,50.623691052208585,25.998651889919735
9.72523389947832,75.20573544959527,55.57561061606382,1,26.347051216833762,26.363507506465567
8.789564133045822,90.84853266707385,75.7930951356164,1,25.287197872364555,49.0039944485479
8.353648638543518,80.38299179613357,63.379633836398575,1,30.13518604972801,33.35979460589128
3.3211254434044584,99.26830602579744,91.77401128710972,1,43.625363133682455,46.95338162850509
2.5379882865105925,89.22916232035996,50.734669432747694,0,44.10958446275494,19.06476632908033
7.017788979319879,94.67441690903082,68.95470243359681,0,25.76197173247254,29.805400188215174
9.364383902148273,73.97574018225545,66.86727733845464,1,16.660496206831432,44.83066991713727
6.010866037125368,95.86043446817868,50.966381545880054,1,41.619812823275424,32.8184493641266
6.144514205229099,97.68271571540183,56.21841995002551,1,16.416293109438225,46.05925046142438
3.5198118429425573,84.61185756456808,70.68213374593176,1,38.92462541146651,36.36523266584008
7.925436398727432,88.18758813252933,74.64322922237233,1,44.67110640281545,29.999356346646344
2.6833937370177106,92.94429402708987,70.21448736274345,0,45.03057481972258,36.9047792838955
3.913113127638193,75.24515881781238,76.5468839206047,0,47.673605532979835,27.642864539929082
4.828927947547751,85.07698229390327,79.75658374528408,0,53.642971078283225,36.53236773912289
5.568493408160095,81.9598908331694,50.49619105639178,1,34.99794959823942,32.31283333105632
3.181687591735722,74.39121976486747,73.2047579726752,1,46.51245947647856,26.767102636300802
2.033531422652832,81.02603266874594,98.17496204437941,1,40.95863676829184,43.08461662166355
6.495580381974693,72.04516928156481,75.95161400647743,1,19.33199698988413,49.39352748430031
3.597674979162302,70.77435720848462,83.87711337294766,0,11.284482243470409,37.539936346907794
6.231143992803511,74.05498867464468,65.59319289584415,0,24.22706928384669,30.368343463319043
2.389264437467821,98.89345334767522,88.69956890763812,1,32.15168531688097,49.83191070578131
5.330260916693358,86.4858860768505,88.64607409380575,0,40.855297221432814,38.02558661770182
5.793304892964272,98.9746648345966,76.06480238270694,0,52.497966525160265,36.34699952928328
1.4664118314018422,82.97493634990396,98.80069116396068,1,19.81228583530828,39.29572916606517
4.029438503745285,79.35448399255779,56.27751073813267,1,16.277489494923856,35.69059721362392
2.209732092450768,85.18425588520732,50.84738324447905,1,58.173997373716375,34.77143396060955
1.5703747342549097,83.1853506589873,88.50791058785481,1,15.402227968820355,38.51462664165548
9.909642091509507,73.16994052785232,90.35777686824413,1,33.924553505359455,48.92634870578314
3.9011846047725065,89.22478944070619,56.01036145602881,1,39.27818643966509,33.63155486888805
8.288870012691714,76.48114547528799,63.2791416479303,0,37.068721045371916,25.456955848617795
3.2917658928738747,88.58763864693489,50.877618168331445,0,14.30160785164716,34.98246163876851
7.133524500015364,89.5060327719446,64.66543053902824,1,12.851345700180968,38.488515790441156
7.842050739007179,74.56074559385944,88.65709369593358,0,15.274171373051784,41.699195064582796
6.360748665470599,71.84048881332005,75.89802638562895,1,39.27938419363063,34.864097378056684
5.244185696951425,93.4228475820532,67.40477965841441,1,37.21724438171606,38.08816498427855
4.706568227325417,83.79401271307961,68.58696474531652,1,21.687039601837213,40.616611258630414
4.139814398886958,71.74491386516428,50.06768128577341,1,41.888707092279574,30.37346199286437
9.365762298230432,99.84598951509301,64.9900263782618,0,51.00337510278247,23.948436774516242
8.475574670089562,71.733416829891,82.32293708189653,1,12.078947992329688,35.65597653777428
9.685242195998613,90.85105686575659,98.70972219081786,0,34.906497177402116,46.90961478586923
2.1186750113699024,99.5103677579024,92.35304134919497,1,44.465520605134515,43.51870138726901
7.577807276832798,77.17540312647776,51.17974823227646,1,22.615596353484356,30.623143717208965
9.44506411138934,74.26748106061589,94.92803023374196,1,25.388545264657456,37.08729840122235
2.6310975954909415,73.64154818267286,89.15992066493129,0,40.68189514946919,28.34074796008852
1.5984664063009975,79.09825442702787,89.01880617854903,1,54.89676467218685,27.955222684904705
7.670085843610531,73.0313743303194,72.89978795017858,1,50.49622101514497,34.57622191166951
6.170258018619207,90.76484025082397,69.90026464772514,1,39.156510954979176,35.57127261927868
8.576458990824449,71.86875394390188,65.14578644165962,0,46.51108588786246,23.74908705272979
2.2579513896366055,85.2826638444937,53.284742947718286,0,28.241123510389933,27.890374445840532
8.15740580673901,99.9009056155893,61.41176817468495,0,42.04827640493789,35.395370422580704
2.8146458804297008,94.41910808518057,62.33018174890123,1,33.30907955637785,47.44584252380228
2.4729034857913406,88.45658314693033,74.20385348551008,0,19.496806822878046,27.47505326639711
2.4783921813789362,79.18760862359835,87.3722203298347,1,45.08691369386286,44.71230830870835
8.33117248208244,88.71687508874916,73.69049141989733,0,37.8232318674411,39.74853423568015
6.986774986265801,85.81124391734954,52.89222247235803,0,27.93107909767957,25.792765290787695
5.707588822922074,82.78250151671115,97.8894900494102,1,55.566959503931535,43.2006332851084
4.229474357111522,73.92131130220598,97.13621595470562,0,11.046705891336664,36.94432172042931
8.894804867317974,96.598126457214,89.25947715742042,1,25.7886575624748,47.65251318683951
4.532005966803719,83.49353946463968,99.56639507821103,1,12.844069888882327,54.211156530656325
8.349394955244193,75.83867535462295,77.22411664001315,0,48.32636581108136,35.17397729954957
4.952214177131966,81.03278052631869,98.13841751266031,1,45.10537270568963,45.25932933216665
4.392499864824169,82.42389257586781,53.78025203083754,1,26.567610936815854,31.4392837888754
5.164118071026458,94.82613686700623,68.28403741306857,0,43.78314511035365,25.786874312319288
3.7124008674772786,92.00843141684206,61.26906340033829,0,29.796861309797492,30.810645210014382
7.72848442158626,93.0791468092402,59.7916542067135,1,47.812689571121716,42.134060057209695
5.5244835108323125,70.33093793285941,57.0401474446338,0,32.70918313683531,19.07681190434826
3.0899142563213555,82.48461994539285,81.12068207829984,1,30.61398639158328,34.36722330550813
9.096171159471115,84.44032454905971,89.06609278736525,1,56.73649577441505,41.841128558223424
4.455020992358903,70.5757683046917,78.91491997101804,0,22.543954994535014,28.002720527710707
5.891975750025898,77.79439626235103,57.34813547941049,0,16.02236699982827,26.098651911771707
9.158248998680923,92.80869469366405,90.55618849667354,0,39.227155662972905,37.90755228756729
6.618141963225929,74.11329117186997,81.79773535818643,0,58.466090614208944,24.58283858051674
2.0520823663752767,86.05930394357775,69.40828530634977,1,28.891960686359333,32.4197515254978
9.458489112521276,76.45605616051712,83.70651477680315,1,13.101838181439076,46.262342425853234
6.6493724776427605,70.3636232393168,62.995248962141645,0,26.96526336547837,22.582973383988943
4.014150531913775,77.23604372798624,67.25961042471053,0,35.29658271597792,21.94733756727704
2.2534486539704854,99.2762126473016,95.87429215659951,1,18.096150331610687,44.54011023397081
8.146226703432664,94.04611335648968,64.52522528357102,1,42.9051109028246,41.75366342548726
6.580654803356621,98.787299329631,73.49941340789684,1,59.88746945051003,38.133153673871945
5.801149827786894,84.63562131779088,94.50705686980073,1,32.58697379907219,41.71263065885912
9.045033247458619,73.29208596032511,85.38606751337637,0,27.736427836510632,36.16659524857367
8.097374901020777,86.43878466921079,53.110161308235135,1,30.035208341723333,26.26245173273658
2.365073917594761,83.63132003679883,57.36515221394852,1,15.757308919760057,37.674871613024486
3.805498610159934,95.33071248218847,50.392079538595844,0,54.16368007131119,29.306619114021736
3.236402258330192,72.94247742352734,81.54608951145818,1,30.7412827760676,35.82526789198371
7.695516633154092,84.64723411065334,72.38367127052092,1,29.363720571242066,44.427270131565
1.3017919126220145,74.50145994081953,56.713742545113774,0,42.984513646523716,19.53333333881139
6.129007163841849,79.7402778067018,97.89670605283852,0,32.10167104655618,44.69031208531477
7.862128171666215,92.12071232163399,76.482986197281,0,42.4116734403923,36.43482844908394
8.890890730855745,84.280543881063,62.09466470564446,1,13.072314506539374,37.05704777183563
4.078735738443167,81.27664855437308,75.03017855773538,1,50.68616718611137,36.06851017638871
8.391315742048116,81.83428835710106,83.98101663675538,0,57.02519764397013,33.640662959771774
1.995685632596865,83.7834030521796,53.81196089867822,0,42.4382693079693,32.66596407617619
8.618070625610663,93.5504963151117,63.7351907523946,1,57.72829644294054,31.073092857155064
2.147397960987842,96.76254066820704,90.34827454419968,0,17.571615718498165,37.01403839040487
4.575585615043305,98.66004059511785,72.98324352013306,0,33.87080947401768,41.14492819653046
8.175658292015981,93.60710158765886,77.32885710161474,0,40.09033669727236,33.51962373489372
2.349256846138964,79.46220687244038,71.64080011047346,1,39.08683237105933,40.10140060550015
3.0632625570937733,90.64404118259627,52.194997132150256,1,30.07308895445216,42.586407306283284
7.500273115537596,83.12809372166176,58.2874889910078,1,26.90422046831307,33.748175745206105
7.480328828914669,77.64011866138154,72.27708193709455,1,16.34120112752094,42.61408438534878
6.770328695967676,95.22614738277768,60.459273270396395,1,29.58712252811391,32.463972743434255
7.2455360002039,71.15279046886975,52.49895143298394,1,18.13304075527426,36.48931916689273
5.884519990128366,97.0528597640627,92.18248320259119,0,46.71828382461092,40.54684029797159
3.266191530162575,83.84432393874202,99.0596264582058,1,20.4415467747295,47.83466559467675
4.111263941535275,89.11604430424842,89.65714369983698,1,12.928265264226692,41.95018708166987
2.634379451212831,89.78061766617348,92.68924608523335,0,37.61830689086172,29.85150112298485
9.176055052002654,96.85353222119609,62.09885651585227,1,39.76148663597008,41.188348748953594
6.250526152895084,89.10009046501622,98.03134877565998,1,53.59565306402528,33.52643206398696
4.607662750872759,88.41800754280186,59.84628522267142,0,38.849080620884095,28.55581111618897
5.1580522327971945,71.9995612168207,97.57149051809162,0,27.274042686172287,42.31870560620883
9.525550056506338,85.55224065835613,99.74096469829755,0,50.150594076316025,40.847783594931094
2.380162628044722,74.50507002451126,85.58614028730244,1,37.01394465937105,48.05191662315323
6.276068488151175,92.12301306164457,99.0571865895911,0,13.964014231559588,48.80086414592495
5.5529981099601935,85.36665762438024,78.47698897835518,1,38.292528015662334,36.25973345925878
6.503088118911831,90.4068333762506,62.97708915880452,1,55.40092727108312,35.37303957277368
1.1629916543875645,71.25018701807153,71.84979428328104,1,29.815631274911027,34.34296683053756
8.849115180497364,72.5437604813741,79.6780467689393,1,24.816290094990002,31.690485516429217
9.38906454235251,91.48970164188047,53.65407810135075,0,17.173472850901003,28.108837348907674
6.086198652302881,72.1625300799602,81.1171632308623,0,17.572276096767865,31.97662427482239
7.26985741489203,72.13770183295776,99.05889183811473,1,31.638574217090945,33.02826061459906
9.302494430595662,70.36325425704662,59.50538248918638,0,39.78399120807647,27.99881302333518
7.3651477088205874,98.6950419489844,89.62975581441916,1,14.030770258480088,46.70755540693464
2.3728513862283522,92.12525078377021,95.39493968898097,1,56.978429451258286,33.9233280431841
6.186595241501319,80.59754225506192,97.18507964101104,1,47.75668087225979,44.51715317287622
6.460435417445703,78.89606743862966,98.00678022027236,0,39.331195914183134,41.86528330006422
4.817176041721474,80.49109689237548,76.0729819360736,1,51.42193354694954,37.55459671463943
7.627998120622506,93.23960593543546,98.86539539957519,1,14.009337840605664,47.63139481306222
9.409303132921133,89.84111833211243,87.86551035672194,0,33.841943886656225,42.33040856557297
9.330116616160987,75.55586703602404,58.083571811848095,0,41.50465634308317,31.681737513090265
5.057554342637189,75.22328006002253,73.8450053233985,0,51.43264530591446,31.416926963652283
2.019142412566797,72.95186949140192,85.9165587686002,0,49.17347800246338,27.63484726178033
9.863570790661012,89.80908159104014,62.36701579095417,1,23.85346248566998,40.510299082133784
8.550082778013408,92.93117986665209,82.03075917744437,0,57.04400847796021,41.931953007426905
2.1219641308294017,77.95139284975012,83.33002395233096,1,16.21729207154352,37.45449929706858
9.28757694355635,70.62834883092738,58.13498719042829,0,53.75668093105761,36.559718249415845
8.829067258559155,72.46515002429283,78.25426562263782,0,58.547012480230926,28.22246067013575
5.669542514134649,99.03580104535092,88.58134554893039,0,18.85767616113128,41.92962680113073
6.321478921704363,78.86334332432261,74.9447832267971,0,46.10330321018927,28.432549847024497
4.591024334831173,93.076694435144,50.60515583880537,0,12.014275938899923,32.55886173289081
1.492854749398282,88.73990706562792,50.45192345396461,0,30.271141256957748,19.07059611256407
4.016775174813109,81.45818918958688,67.85146719850061,1,35.8141649598837,33.14791169991449
8.225681037382103,76.17061786586666,96.30970342158909,0,39.0322612954817,32.41542160849423
1.0416882070414257,73.6415925447822,61.43383898018044,0,56.79686241242798,25.396290214332634
4.001492545220298,88.450389041166,81.71818444358436,0,43.61253436470973,39.93105512376895
4.58351824231849,93.23901341913364,61.103793534666025,0,34.06389756096185,35.12244771966535
5.836560426441306,89.31712760623392,66.08349948297743,1,50.48375181329447,24.228596534299626
9.278700547714845,85.90906399747475,92.4021044800742,0,57.526641047720446,47.52363324369531
4.1171139492936515,71.25853670294909,86.44307211349735,0,11.103307434114543,37.46367851344514
4.122578817066049,99.05466332783152,54.76996386566053,0,59.126063612801936,24.94509521335606
7.637511232987736,93.96142574963724,71.43510104932167,0,14.306606953184016,38.29729268179049
5.069961468008264,78.78466110102895,51.458488182263224,1,50.71933896343807,30.95155792234373
3.021443406459838,99.39910988076552,74.04450733015045,0,24.016737627570624,33.56146448311378
5.07195564519424,88.05644768908967,83.1217005850534,1,16.608982887693585,44.24198642558057
2.2677131834181985,87.4726797462174,55.92513117990758,0,31.992781985691746,25.91949306257512
2.58748287855601,92.44219538288596,64.44424694545829,1,42.19782897238068,34.134152815820386
5.4853099546553175,94.35309364270412,69.89183127510785,1,29.04759225117375,36.653014629821584
4.770329045540931,89.69435821994509,95.97655123280248,0,12.728270414134947,34.92792467574016
9.2336131096129,73.842872390986,99.66275077114821,0,39.97305698293583,39.18622275665147
4.261545092049698,80.14802517983495,52.24556494978079,1,55.120163805533736,32.78394060305541
6.225295152502391,97.8425092097815,88.0503961747696,1,29.160768297362583,48.10703058204502
6.690378591275773,76.73846835531556,68.58620332011716,0,20.81663888154135,36.51932045349717
1.1178501092950026,81.1650107151254,69.622909311474,1,32.12886729664077,37.38289882409235
6.971836348150395,82.96230648832588,87.71324866735114,1,12.418135552439043,41.70688332261966
2.6023237018277627,83.18214969083357,95.92132160727044,1,51.02437922401374,45.49333885028722
9.649632857225097,88.38818747483576,97.54642972512741,0,51.317040547509336,33.03984302945593
2.3379645497780164,98.29227513234123,78.85612930191604,1,39.40002317148142,36.63051748717012
4.731617113543214,77.22078135497514,67.85605796502514,1,27.655144446919476,31.241141094506116
1.7681470127077947,73.64504128902755,89.37745429293896,1,49.989168222289166,43.005179408320224
9.971868266613527,75.92411469579812,62.55006916311501,0,37.73435123941836,34.754408156680974
5.519755092981184,96.60774700627809,78.20370144167589,0,51.29661542750081,37.83526593204384
6.358465155880394,89.37432437965617,67.92892307624366,1,41.57293962915103,42.96699055490015
1.6036882964958474,78.57720367717481,82.8315536853938,0,49.22027366063986,27.585994367608237
7.7496442335926,94.47840816905853,62.019945644675346,1,39.928149660887996,39.475721948274426
2.889150337860272,95.84109989090308,59.57964728674129,0,30.70705341078331,31.23329941822987
9.082488604966423,95.39543016070834,95.91195433377186,0,57.89729299630688,44.22650241686845
2.8462567643380643,97.56779600918664,55.09018414747685,1,37.055691243942235,34.85829198085274
2.716189485972999,77.56723060520085,75.29789538674657,0,40.25447592702692,29.202614778765618
1.328947010632854,92.65125786238835,61.04263914815044,0,21.024381970737462,34.791699858436345
5.248602505989993,83.8161849182242,51.94649816628337,0,41.28253947136382,31.57703416583246
6.083570199363548,95.25995658670185,51.80094091457132,1,38.58038247414719,31.62753338414354
1.5913777548551713,91.8547203148484,58.76108860529136,0,19.241919897351245,31.309059194252065
7.9797485502550956,93.29342339499173,93.33851772530002,0,12.979354867657186,37.7971000204259
5.079599512732249,89.68485513043214,64.12393719885134,1,40.21796598573856,23.979733493580383
5.7195124239482205,75.32286308409121,97.52295852876479,0,48.18461346751603,37.345002786510946
4.966864722444053,86.35080756690814,79.08111464945968,0,36.17006854610041,37.958019519142894
4.606867547877934,99.54009218573525,71.8307094884383,0,21.338631265982286,38.42422699245541
6.036762981773961,98.12164199491357,79.00444173347273,0,43.326098834651745,27.106049254646077
2.3971622133764123,71.29521207391035,75.83491926131339,0,14.005286330480113,30.782145110692955
2.63735317445744,74.94444447188312,87.93881268786626,1,32.09168524009773,28.46389069441524
8.756070589121656,73.95186320363686,64.12480329864262,1,18.168337919921008,43.480066388403344
9.515039159202695,91.77939729955887,67.65251958001512,0,19.22295255299417,30.770952936786514
4.359783846517777,94.53355989570835,94.70471512666253,0,20.114697457910182,48.156374216271104
3.436702058291984,76.40534098932015,97.32282565752027,0,29.335352852198895,42.438598162932536
6.795995889151142,85.17558078855487,94.62791137432373,1,12.557510281019882,41.97218997725495
4.678607539882868,95.221090840336,70.97239969786568,1,29.88967204645491,34.53800839351427
1.2284772009431038,91.98404634298751,89.01827515034408,0,35.585372355735046,39.213235062824644
2.4053733762957132,86.26711616475545,73.81678666505493,0,34.16471424831626,28.79114030135655
7.443750059626578,87.71043071376319,74.87699260730511,1,29.139205020152026,41.09296202124272
6.930315477191362,85.2508164074884,60.234005452864196,0,51.957330403537625,26.577888293482786
1.2438639325313514,78.92645353956462,79.55651516292582,1,17.266334621025205,30.415153143973093
2.997749457396545,86.95065978577048,59.306794887667394,1,35.284837189068696,23.435331701760745
3.0796731692926427,90.66655906150272,66.5782349533597,0,13.102070847827715,35.524986659118476
7.047034692388555,96.19968747582423,92.75151008099675,1,13.557783943895487,45.378358297087935
1.1773948397892773,89.08874061937745,60.35379046054276,0,38.69329248385482,26.62463585799182
1.9369772378611647,92.83364611129474,53.557914258671644,0,38.30092124439105,32.186528029315035
8.199244768358703,74.80214904863719,53.45037963064082,0,53.90167564222285,31.259841966835197
2.6069019584890025,83.8467242325937,97.03922602515539,0,37.89368378300366,36.65912995524487
6.874714970666872,70.2799485948128,75.34602189809173,0,57.98955102024251,27.452961048111995
3.1436450294205387,77.4003659356487,70.47060359085091,0,12.434742419996489,35.2980585172384
1.8949725348341064,91.79385145339015,90.54392905039592,1,14.900384239037052,38.288528041325655
3.1885497189950867,99.7542985404809,91.79129639552579,1,12.20329307851907,48.75068468856273
7.500402386700932,72.97534298761647,66.60955165578022,1,19.263842516677002,39.3306228349217
8.701268212956572,82.04482947583864,84.68090287368976,1,37.063505547083906,44.88437256485689
8.471978781102925,94.00212906097478,88.55614079259433,0,42.2786090713714,29.56943022502495
4.5746517665660935,76.12106903886696,82.73253434329773,1,12.279257897433439,37.245040784779604
7.012766229135815,86.65254847906859,57.57975374000497,1,57.298544492279966,28.70810728621038
2.844858658742389,91.99213888089025,93.79415417585285,1,52.10826883251905,42.989031806558145
3.6383295723491194,88.47956350780537,76.95472763680044,0,24.830624107854657,37.946753970520376
9.067022366690077,75.64074203846249,64.12362131850018,1,13.859376511323397,44.976774833422134
1.1170173115966242,80.66153706057219,71.2614092718847,0,18.494353660952864,29.95850215562895
1.7695767776902127,93.51375353456191,51.87855451994537,1,16.34722068774863,33.08067780988486
2.870976296314246,86.6267954239605,56.39334006112088,0,16.164188964947343,36.41692818686559
1.2387898348643773,70.15688840628738,88.27733752579304,0,35.9280844332867,34.3624252624879
2.632918915808176,92.82972280084282,50.00058173776831,1,22.292372124670017,40.96498601282597
6.247374048727229,71.05934064820717,70.82829142411461,0,27.906985826457223,32.44609463269172
4.792820955332481,92.37201348193696,76.12550905427942,0,59.475266669216126,27.21051648606902
9.034045399692774,76.07441680495712,52.731721000048616,1,44.21571244626724,25.020814212395653
8.356992055645968,98.74220440358141,98.65390814861664,1,57.44903335235007,38.416550954034584
4.076356165280884,81.03822253906253,61.3062665624836,1,17.12782775165578,39.354594396644465
3.3348109008816325,79.80794849014237,65.20993598181404,0,29.106973741628465,36.29680370501867
4.417231673505402,74.46664150997334,65.19712561275136,0,37.736590164117715,37.99093089775426
6.31265448263327,79.16812646470645,61.520833105867496,0,13.8379030944369,35.939366266370655
3.4125727674058863,96.29952285484602,50.07369110431557,1,10.209372181397892,42.595354846805
6.617340170642207,99.89003012881741,86.46723970439982,0,43.521716689845874,36.327764670803084
4.684704869721164,81.04928591520545,98.34227498996427,0,42.09097584007176,32.209660723722045
5.968424627667822,83.45831892863627,61.21467416425225,0,30.53944049998059,34.982312327180374
4.92513876221785,91.66212814608211,83.15235959017113,0,34.48220380160163,39.2382405364614
3.650191835877259,96.58587341395224,87.09481634793576,0,30.77215002960448,39.645943189281574
9.53607976265941,87.79133002560353,92.42126895452623,0,11.200252242244442,44.34123935149059
7.872452147437848,81.74577094533488,71.13145985068046,0,26.768580310873123,35.43282417717216
2.261018581898073,82.37865522545871,65.14654528202146,1,18.854112769864493,42.9743459624479
8.816211783081215,90.8685443949042,66.26475670115155,1,14.921209455068437,47.36756856777104
5.386880784245623,70.09654790812836,85.63106665492563,1,57.83602169446749,38.98064007288575
9.050970042046822,88.58768012379522,90.8389733252818,0,39.96798625210828,43.37478610629735
8.198697303525837,80.66479031324073,59.08069838783013,0,46.432814211830134,31.2897731916043
4.8269215402231005,93.82591993831252,68.54705040788826,1,25.768187163305875,37.467355675197815
1.2022237748810567,72.78971919469396,95.0970098374575,0,29.65735647470076,39.509951157863114
3.4180962344645147,87.64606800845172,90.33467598473696,1,21.846199694836173,36.981216154434016
5.874707931947802,84.42918669658371,99.2429201381238,0,14.848283548271237,47.243609160084326
6.701303978435325,89.26976577715682,87.71241298410403,0,18.95158187207919,33.92467470894988
3.3209891688988207,71.94560783448905,69.65976005139612,1,49.87570226482429,34.24180453790772
2.254204666655417,87.39951362284394,79.53189169973189,1,43.87729025918879,34.425638231448715
8.514372131193692,86.84453763878571,83.05071271236602,1,37.34644379927384,44.71819788065151
9.85961962633197,86.81980283248512,53.922790815856196,1,33.75449364333841,35.257468664387275
5.731211640724172,88.10462999789365,77.22484795519325,1,56.12171418280622,30.060550271497007
2.5451135726347314,90.29403811679086,85.46604142363049,0,13.63674738893342,40.92867546725527
3.4507659386743206,94.14966999042309,58.366065200053015,0,24.030040661895796,29.164072129347037
1.1655160889272005,78.09462160384643,89.03158587127785,0,27.4968926785357,39.88251995148019
9.228689259044492,94.75148230540186,79.18863902570558,1,49.12129061063939,41.61056237782821
2.05975974601127,84.9476704679036,97.61108928487974,1,59.62573100809857,43.02476616473437
6.188648279628282,72.31174837402993,52.12111491034459,1,22.03352573785765,27.35802553741879
3.466496986184854,71.75652787731937,63.266306877773346,1,53.71536670685403,27.88963356294046
5.9876020226421405,80.02714956088182,80.0776939649912,1,51.53113802158956,35.37482702755243
6.862783495166778,93.54690931334403,64.82799561029654,1,21.23286988208833,44.135441226796914
8.467676233364815,91.23042804222747,85.72120820356211,0,29.966629009961128,47.6069130673768
2.8577914458454288,93.65844894017219,87.95026412609656,0,30.483643464625956,34.50237014813523
1.0989624579263242,85.51807169324829,55.125798203323725,0,58.91103342632792,30.707890007514095
2.2319706706192655,83.20596993866472,75.69272321033839,0,19.044595068944915,23.48111939598032
9.100167776632945,74.42357580118852,75.4445277795528,0,49.957898555239105,25.50916057713043
8.865010698062637,79.84578260827935,68.46403851077706,1,26.709635708655497,33.279813506969504
6.376717919532775,83.02058098521626,96.6462431284836,1,46.54351728880802,36.26179717893957
6.40465174390288,72.65801289038852,91.37531599366106,1,31.000550214783143,33.278830129247616
6.9853300709163,76.61835858133634,84.86046909548185,1,38.917988155827004,41.80758375651891
2.5783415076110465,87.94675882191217,85.71633178674988,1,51.63058866630656,38.55853980808325
9.229707513324637,92.0698934271757,73.08580719065596,1,50.20827824919421,41.330541900202654
4.768934724028658,99.95042534178849,96.0497260548288,0,53.321159176985006,43.55344451218256
4.448246754245477,97.99339994030673,84.72977136266427,1,12.980866267232951,47.14559519414043
5.670259347545538,89.27695598605575,86.44905308279081,1,44.602527651987245,44.997295387725664
1.4226937009754954,82.63744159882216,93.08454518936726,1,16.999368836088145,43.17783441257873
2.4965503188047147,89.08532094124698,63.70357946710955,1,30.79092840092055,30.477864369047424
7.642302547837334,93.56954854240696,90.35354519333515,0,37.42942075273442,45.141115599996915
1.7451880113261382,73.55008572770161,59.7620301478246,0,30.136974237341537,24.214822998254526
6.428368985197494,82.29714669088865,67.26709761224438,1,35.980583790150376,31.928674563970905
3.2081419871318886,95.19406856906852,66.78052271349213,0,59.82631543993096,29.82416606531122
4.503660526377789,81.51498855799132,98.92627341945703,0,16.760865685642734,36.14552305932902
3.598243630936299,87.1561681368156,92.82686118739633,1,43.77280226682128,40.2529898768638
4.201054448184542,87.63308082586595,85.05849307951298,1,29.800048319280762,43.791820545396064
7.471413146658209,75.53428759400919,86.35283808076952,1,16.650489945366438,44.01315068468567
3.6740954406085753,80.86706324956864,78.10363972012856,1,17.936838168715475,35.51871706312875
6.097641762672074,80.03533866225797,97.35453335542596,1,57.46365531228084,38.9901012041379
5.284453619791897,70.78590125596195,74.81293764411808,0,53.9800748355881,34.41940828845189
6.973040488263833,70.72575291674066,69.02588549349473,1,55.35209802075109,35.44032488979556
9.431467653922821,94.9509113102732,58.15176684657955,1,59.57663879136933,45.775225587482154
7.593148874892252,78.19212429918437,89.31028261305289,1,20.415769500425895,49.10300409423282
2.934463407316811,85.54236298716447,86.72219660377957,0,27.771966868203087,42.61362942655221
1.2806482155515622,78.96176720766319,69.21775192620674,1,43.46095149624333,27.195547985846453
3.360376398698426,98.22037735346021,51.25967069796147,1,34.190126993032365,38.86739512365581
6.355701376302293,77.77890276597321,91.94986638590053,1,30.919476668916676,42.09247588718425
1.462832321358253,82.88970438216805,50.57089917270368,0,27.890562466779652,24.1155501016478
5.467296224811127,96.18190751453805,85.18498898145255,1,39.689031597172615,44.043991158659466
6.371585640252003,95.25800700375426,98.51285548630285,1,38.7796714320041,51.43938149425917
4.008195017352648,75.58304253538832,71.88306640741017,1,18.072891703212004,39.98670239883586
7.938209833712397,94.07929929387132,61.74867024979764,0,33.58699187592195,28.8834221770349
1.9593842782039461,83.74560660213677,85.24355050216909,1,37.67358881049249,43.59275991634466
1.6762400356222789,84.48906616256066,90.85640710077925,1,38.514346936569524,38.07541461435685
7.55369880583243,74.00439917247832,77.32151580389237,1,20.505359645617588,40.43024805747815
5.459421845855786,72.41804541271374,98.35176376280731,0,47.11356961261434,34.4812692783542
7.195621567849624,91.83817920921295,52.583436082898054,1,11.259954741053482,36.45185460013852
4.913446047433716,84.893834570659,75.2397799152264,1,27.741592777158132,43.31980130465526
3.2176182991519613,83.10552107845538,85.9226973661275,1,49.010632426781676,33.96503220521088
8.371920859067798,91.88524685957191,93.13202355745895,0,38.19464605277012,50.07814228510711
8.194742910720812,92.96538696973329,58.9627805953895,0,23.058121625543013,24.380952906983488
7.252268237689841,74.7672450300806,90.00017408818407,1,44.74765596715238,37.166068986379564
3.449306235069664,88.30675448432925,77.63535378592726,0,38.36954720780367,36.11908594279691
6.312076001821784,74.06062246833056,69.82768409949816,0,49.81218047281936,32.1030211039818
4.248765072460241,92.54125258087137,56.58575142895468,0,46.75125930949117,28.751813361343373
1.8242386599397074,89.70865468801418,93.26478794544562,1,40.50539610181173,42.467706396757265
9.255822179160186,98.69843863250374,57.863660408985766,1,34.4088837655407,40.59421153257926
2.2313676782706526,72.06874049069263,65.48939296045496,0,16.65910628337617,28.634248626107446
9.552136184387223,71.71164163453763,64.50227659812184,0,23.066650894269188,37.99277953200177
5.014051956621602,78.465612240796,93.57070170954272,0,30.954973645854263,41.691261669103945
